1,Ray,Johnson,RayAJohnson@fleckens.hu,'1715 Ross Street','Mount Carmel IL',62863,618-263-5892,'0788 1238927','Drives a 2012 Chrysler Voyager.','NHS Lothian'
6,Miles,Veltry,MilesMVeltri@superrito.com,'2574 Oxford Court','Corinth MS',38834,662-293-7176,'0788 1238927','Works as a Staffing coordinator.','Some organisation'
7,Gregory,Danielson,GregoryRDanielson@teleworm.us,'2417 Pinnickinick Street','Olympia WA',98501,360-790-1773,'0788 1238927','Works as a Cable splicer.','Some organisation'
10,Jon,Egbert,JonBEgbert@armyspy.com,'188 McDonald Avenue','Saint Cloud FL',34769,407-892-1076,'0788 1238927','Works as a Construction job cost estimator.','Some organisation'
11,Brandie,Knight,BrandieKnight@cuvox.de,'2030 Margaret Street','Houston TX',77007,713-880-4080,'0788 1238927','Works at Richman Brothers. Works as a Mail clerk.','NHS Lothian'
12,Jerry,Rash,JerrySRash@cuvox.de,'3330 Joseph Street','Sheboygan Falls WI',53085,262-734-5472,'0788 1238927','Works as a Administrative manager.','NHS Lothian'
14,David,Berry,DavidCBerry@cuvox.de,'146 Lowland Drive','Northbrook IL',60062,815-347-6453,'0788 1238927','Drives a 2000 Porsche RGT. Works at World Radio.','NHS Lothian'
15,John,Fox,JohnMFox@dayrep.com,'3372 Railroad Street','Brimley MI',49715,906-248-8165,'0788 1238927','Drives a 1998 Daihatsu Domino. Works at Ole\'s.','NHS Lothian'
16,Sean,Tapia,SeanMTapia@fleckens.hu,'1096 Charles Street','Southfield MI',48034,734-390-9616,'0788 1238927','Works as a Bleaching and dyeing machine operator.','NHS Lothian'
17,Leland,Castro,LelandLCastro@jourrapide.com,'1504 Alpha Avenue','Jacksonville FL',32202,904-209-4609,'0788 1238927','Drives a 2001 TVR Tuscan.','NHS Lothian'
18,Willie,Earnest,WillieSEarnest@gustr.com,'3867 Tree Top Lane','Allentown PA',18109,610-289-8293,'0788 1238927','Drives a 2004 Mitsubishi L 200. Works at Vari-Tec. Works as a Psychiatric nursing assistant.','Some organisation'
19,Frank,Gomez,FrankFGomez@rhyta.com,'1573 White Pine Lane','Pembroke VA',24136,540-626-9262,'0788 1238927','Works as a Food science technician.','NHS Lothian'
